Employee_ID,Age,Gender,Education_Level,Experience_Years,Job_Role,Department,Location,Work_Mode,Performance_Rating,Overtime,Salary
EMP0001,35,Male,Bachelor,7,Content Writer,Marketing,Pune,Hybrid,3,No,736050
EMP0002,49,Male,Bachelor,14,Content Writer,Marketing,Bangalore,Hybrid,5,Yes,1398725
EMP0003,39,Male,Bachelor,15,HR Executive,HR,Mumbai,Office,3,No,1277748
EMP0004,47,Female,Master,6,Network Engineer,IT,Chennai,Office,3,Yes,854144
EMP0005,32,Male,Master,11,AI Engineer,AI,Mumbai,Office,3,No,1159491
EMP0006,40,Female,Bachelor,19,Data Scientist,Analytics,Mumbai,Hybrid,3,Yes,1665389
EMP0007,23,Male,Bachelor,2,Data Scientist,Analytics,Bangalore,Office,5,Yes,563003
EMP0008,35,Female,Bachelor,14,Software Engineer,IT,Mumbai,Remote,3,No,1257549
EMP0009,29,Female,Bachelor,8,AI Engineer,AI,Mumbai,Hybrid,4,No,850467
EMP0010,47,Male,Bachelor,2,System Administrator,IT,Delhi,Office,3,Yes,392507
EMP0011,34,Female,PhD,13,ML Engineer,AI,Mumbai,Office,5,Yes,1584229
EMP0012,49,Male,PhD,17,Recruiter,HR,Pune,Office,3,No,1711691
EMP0013,25,Female,Bachelor,4,Recruiter,HR,Chennai,Remote,3,Yes,547967
EMP0014,26,Male,Master,5,Cloud Engineer,IT,Hyderabad,Remote,3,No,716930
EMP0015,29,Male,Bachelor,8,Data Analyst,Analytics,Pune,Hybrid,5,No,956838
EMP0016,42,Female,Bachelor,19,Data Analyst,Analytics,Hyderabad,Office,5,No,1757580
EMP0017,30,Male,Master,9,Content Writer,Marketing,Hyderabad,Remote,4,Yes,1077912
EMP0018,47,Female,Master,2,QA Engineer,IT,Bangalore,Remote,4,Yes,528100
EMP0019,49,Male,Bachelor,20,Network Engineer,IT,Chennai,Office,3,Yes,1736516
EMP0020,26,Male,Bachelor,5,Senior Manager,Management,Pune,Hybrid,3,Yes,1037924
EMP0021,22,Male,Master,1,DevOps Engineer,IT,Chennai,Hybrid,3,Yes,452024
EMP0022,39,Male,Bachelor,8,Senior Manager,Management,Bangalore,Hybrid,3,Yes,1219058
EMP0023,24,Female,Bachelor,3,System Administrator,IT,Hyderabad,Office,5,No,582664
EMP0024,50,Female,Bachelor,5,UI/UX Designer,Design,Bangalore,Hybrid,4,Yes,670177
EMP0025,42,Male,Master,20,Data Analyst,Analytics,Hyderabad,Office,3,No,1740262
EMP0026,49,Male,Bachelor,9,Cloud Engineer,IT,Hyderabad,Remote,5,Yes,1058726
EMP0027,36,Female,Bachelor,4,Network Engineer,IT,Hyderabad,Office,5,Yes,697671
EMP0028,30,Female,Bachelor,9,HR Executive,HR,Delhi,Hybrid,4,No,885898
EMP0029,31,Male,Master,10,Project Manager,Management,Hyderabad,Office,5,Yes,1620321
EMP0030,42,Male,Master,15,Finance Analyst,Finance,Mumbai,Remote,5,No,1585681
EMP0031,33,Female,Master,12,Business Analyst,Business,Hyderabad,Hybrid,4,No,1146172
EMP0032,23,Male,Bachelor,2,Project Manager,Management,Mumbai,Office,3,No,767655
EMP0033,28,Female,Master,7,Data Analyst,Analytics,Mumbai,Office,5,No,978353
EMP0034,22,Male,Bachelor,1,Business Analyst,Business,Pune,Office,4,No,348735
EMP0035,42,Male,Bachelor,21,HR Executive,HR,Bangalore,Hybrid,4,Yes,1763741
EMP0036,46,Male,Master,23,Data Analyst,Analytics,Pune,Hybrid,4,Yes,2037569
EMP0037,50,Male,Bachelor,25,AI Engineer,AI,Bangalore,Hybrid,4,Yes,2066983
EMP0038,45,Female,Bachelor,24,Senior Manager,Management,Pune,Hybrid,3,No,2309545
EMP0039,24,Male,Bachelor,3,Finance Analyst,Finance,Mumbai,Office,5,No,565832
EMP0040,28,Female,Master,7,Project Manager,Management,Bangalore,Hybrid,4,No,1210538
EMP0041,27,Female,Master,4,Software Engineer,IT,Pune,Remote,4,No,632651
EMP0042,43,Male,Bachelor,1,Network Engineer,IT,Bangalore,Hybrid,5,No,422143
EMP0043,32,Male,Master,11,DevOps Engineer,IT,Pune,Hybrid,5,Yes,1281108
EMP0044,47,Female,Master,17,Network Engineer,IT,Delhi,Hybrid,3,Yes,1604885
EMP0045,34,Female,Master,0,UI/UX Designer,Design,Pune,Hybrid,4,No,345923
EMP0046,27,Male,Master,6,DevOps Engineer,IT,Pune,Remote,4,No,751206
EMP0047,40,Male,Bachelor,19,Business Analyst,Business,Delhi,Office,5,Yes,1809229
EMP0048,50,Male,Master,7,Content Writer,Marketing,Mumbai,Hybrid,5,Yes,1046076
EMP0049,47,Female,Bachelor,19,HR Executive,HR,Bangalore,Office,5,No,1748980
EMP0050,37,Female,Bachelor,5,ML Engineer,AI,Hyderabad,Office,4,No,635387
EMP0051,40,Female,Master,9,Business Analyst,Business,Hyderabad,Hybrid,3,No,956969
EMP0052,30,Female,Master,9,ML Engineer,AI,Pune,Hybrid,5,No,1099674
EMP0053,37,Male,Master,9,Software Engineer,IT,Hyderabad,Hybrid,5,No,1126369
EMP0054,47,Male,Master,22,System Administrator,IT,Chennai,Office,3,Yes,1938236
EMP0055,34,Female,Master,6,HR Executive,HR,Chennai,Hybrid,4,No,792744
EMP0056,44,Female,Master,13,HR Executive,HR,Chennai,Hybrid,5,No,1455268
EMP0057,43,Male,PhD,19,Finance Analyst,Finance,Delhi,Office,3,No,1849270
EMP0058,28,Female,Bachelor,2,Finance Analyst,Finance,Hyderabad,Office,3,No,439177
EMP0059,24,Female,PhD,3,ML Engineer,AI,Delhi,Office,4,Yes,789460
EMP0060,45,Female,PhD,24,AI Engineer,AI,Mumbai,Hybrid,5,Yes,2371741
EMP0061,38,Female,Bachelor,5,DevOps Engineer,IT,Delhi,Office,4,No,594119
EMP0062,32,Female,Bachelor,6,Software Engineer,IT,Mumbai,Hybrid,3,Yes,767277
EMP0063,42,Male,Bachelor,7,AI Engineer,AI,Hyderabad,Hybrid,5,Yes,983649
EMP0064,24,Male,Bachelor,3,Project Manager,Management,Hyderabad,Hybrid,5,Yes,1062735
EMP0065,28,Female,Bachelor,7,DevOps Engineer,IT,Pune,Office,4,No,753875
EMP0066,50,Male,Bachelor,9,Data Analyst,Analytics,Delhi,Remote,3,Yes,925969
EMP0067,22,Female,Bachelor,1,Business Analyst,Business,Hyderabad,Office,3,Yes,399144
EMP0068,43,Male,Bachelor,7,Network Engineer,IT,Chennai,Remote,3,No,715293
EMP0069,50,Male,Bachelor,12,AI Engineer,AI,Delhi,Office,4,Yes,1163379
EMP0070,25,Male,Master,4,QA Engineer,IT,Bangalore,Remote,3,Yes,712735
EMP0071,46,Male,Master,24,Business Analyst,Business,Chennai,Remote,5,Yes,2228517
EMP0072,25,Female,Bachelor,4,Business Analyst,Business,Chennai,Office,3,Yes,560393
EMP0073,45,Female,Bachelor,4,DevOps Engineer,IT,Mumbai,Office,5,No,710649
EMP0074,43,Female,PhD,11,Business Analyst,Business,Bangalore,Remote,4,Yes,1305764
EMP0075,29,Male,Bachelor,8,System Administrator,IT,Hyderabad,Hybrid,4,No,796174
EMP0076,44,Male,Bachelor,0,UI/UX Designer,Design,Pune,Office,5,Yes,425505
EMP0077,29,Male,Bachelor,8,Senior Manager,Management,Hyderabad,Remote,4,Yes,1282647
EMP0078,33,Female,Bachelor,12,System Administrator,IT,Chennai,Remote,3,Yes,1147692
EMP0079,31,Male,Master,5,Finance Analyst,Finance,Chennai,Hybrid,4,Yes,717439
EMP0080,39,Male,Bachelor,18,System Administrator,IT,Chennai,Hybrid,3,No,1542096
EMP0081,43,Male,Bachelor,0,Data Analyst,Analytics,Delhi,Office,5,No,361949
EMP0082,33,Male,Bachelor,12,Network Engineer,IT,Delhi,Office,4,No,1110760
EMP0083,37,Male,Bachelor,11,Content Writer,Marketing,Mumbai,Office,5,No,1193076
EMP0084,39,Female,Bachelor,12,Project Manager,Management,Delhi,Hybrid,5,No,1675065
EMP0085,47,Female,Bachelor,8,Network Engineer,IT,Pune,Office,5,Yes,974314
EMP0086,27,Female,Master,6,QA Engineer,IT,Mumbai,Office,4,No,741182
EMP0087,27,Female,Master,6,Business Analyst,Business,Delhi,Hybrid,3,Yes,853839
EMP0088,25,Female,Master,4,ML Engineer,AI,Chennai,Remote,5,Yes,799653
EMP0089,42,Female,Master,15,QA Engineer,IT,Pune,Office,5,No,1555250
EMP0090,23,Male,Master,2,Network Engineer,IT,Mumbai,Office,3,Yes,513554
EMP0091,26,Female,Bachelor,5,Data Scientist,Analytics,Hyderabad,Remote,3,No,586942
EMP0092,32,Male,Bachelor,11,Project Manager,Management,Hyderabad,Hybrid,3,Yes,1501597
EMP0093,23,Female,Bachelor,2,AI Engineer,AI,Bangalore,Remote,3,Yes,454034
EMP0094,27,Male,Bachelor,6,ML Engineer,AI,Chennai,Office,3,No,647021
EMP0095,36,Female,Master,15,Data Analyst,Analytics,Bangalore,Remote,5,Yes,1573945
EMP0096,41,Male,PhD,20,ML Engineer,AI,Mumbai,Remote,5,No,2016404
EMP0097,33,Male,Master,12,Business Analyst,Business,Pune,Remote,4,Yes,1258270
EMP0098,45,Male,Bachelor,8,DevOps Engineer,IT,Delhi,Remote,3,Yes,823661
EMP0099,45,Female,Bachelor,17,Data Scientist,Analytics,Chennai,Remote,4,No,1485525
EMP0100,43,Male,Master,21,UI/UX Designer,Design,Chennai,Office,3,Yes,1915710
EMP0101,46,Male,Bachelor,4,Network Engineer,IT,Chennai,Hybrid,4,No,541151
EMP0102,48,Female,Bachelor,2,Data Scientist,Analytics,Pune,Office,3,No,375147
EMP0103,42,Female,Master,9,Cloud Engineer,IT,Mumbai,Hybrid,5,Yes,1141725
EMP0104,42,Male,Bachelor,18,System Administrator,IT,Chennai,Office,3,No,1525442
EMP0105,27,Female,Master,6,AI Engineer,AI,Bangalore,Remote,5,No,932869
EMP0106,35,Female,Bachelor,14,Software Engineer,IT,Bangalore,Remote,4,No,1255778
EMP0107,34,Female,Bachelor,5,Recruiter,HR,Bangalore,Office,5,Yes,814583
EMP0108,48,Female,Bachelor,18,Senior Manager,Management,Hyderabad,Remote,4,No,1912423
EMP0109,44,Male,Bachelor,19,AI Engineer,AI,Pune,Remote,5,No,1737115
EMP0110,28,Female,Bachelor,7,System Administrator,IT,Hyderabad,Remote,3,No,759578
EMP0111,35,Male,Bachelor,14,Finance Analyst,Finance,Mumbai,Office,3,Yes,1267920
EMP0112,35,Male,Master,0,Senior Manager,Management,Delhi,Office,4,No,735793
EMP0113,38,Female,Master,10,Data Scientist,Analytics,Bangalore,Hybrid,5,Yes,1290741
EMP0114,42,Female,Bachelor,4,Senior Manager,Management,Chennai,Office,4,No,974983
EMP0115,33,Male,PhD,12,Business Analyst,Business,Chennai,Office,5,No,1537191
EMP0116,47,Male,Bachelor,10,Data Scientist,Analytics,Chennai,Office,4,Yes,983800
EMP0117,48,Female,PhD,13,ML Engineer,AI,Pune,Office,3,Yes,1417458
EMP0118,30,Male,Master,9,Cloud Engineer,IT,Hyderabad,Remote,5,Yes,1163548
EMP0119,29,Female,Bachelor,8,UI/UX Designer,Design,Mumbai,Remote,4,Yes,843963
EMP0120,39,Male,Bachelor,18,Data Scientist,Analytics,Bangalore,Remote,5,No,1682082
EMP0121,42,Male,Bachelor,20,Content Writer,Marketing,Pune,Hybrid,5,No,1820278
EMP0122,31,Male,Bachelor,10,Cloud Engineer,IT,Mumbai,Office,3,No,997517
EMP0123,22,Male,Master,1,System Administrator,IT,Pune,Remote,4,No,429372
EMP0124,42,Female,Master,5,QA Engineer,IT,Bangalore,Remote,3,Yes,790006
EMP0125,33,Female,Master,12,Data Scientist,Analytics,Hyderabad,Hybrid,5,No,1332548
EMP0126,50,Male,PhD,6,Recruiter,HR,Bangalore,Office,5,Yes,1155443
EMP0127,26,Male,Bachelor,5,HR Executive,HR,Hyderabad,Hybrid,4,No,579747
EMP0128,36,Female,PhD,15,Business Analyst,Business,Chennai,Remote,4,Yes,1565403
EMP0129,25,Female,Master,4,Finance Analyst,Finance,Bangalore,Remote,4,Yes,689433
EMP0130,40,Male,Bachelor,7,UI/UX Designer,Design,Pune,Remote,3,No,756630
EMP0131,28,Female,PhD,7,UI/UX Designer,Design,Chennai,Remote,4,Yes,1058908
EMP0132,22,Female,Bachelor,1,Network Engineer,IT,Mumbai,Remote,5,Yes,479314
EMP0133,50,Male,Master,6,Content Writer,Marketing,Delhi,Remote,5,Yes,930979
EMP0134,48,Female,Bachelor,20,Content Writer,Marketing,Delhi,Office,4,Yes,1666860
EMP0135,26,Male,Master,5,Recruiter,HR,Bangalore,Hybrid,5,Yes,872227
EMP0136,30,Female,Bachelor,7,HR Executive,HR,Mumbai,Remote,4,No,741675
EMP0137,34,Male,Bachelor,2,System Administrator,IT,Mumbai,Remote,5,No,542078
EMP0138,23,Female,Bachelor,2,DevOps Engineer,IT,Bangalore,Remote,4,No,345454
EMP0139,49,Male,Bachelor,19,Finance Analyst,Finance,Bangalore,Office,5,No,1690593
EMP0140,47,Female,Bachelor,17,UI/UX Designer,Design,Bangalore,Hybrid,4,No,1402367
EMP0141,46,Male,Master,12,QA Engineer,IT,Mumbai,Hybrid,3,No,1202004
EMP0142,23,Female,PhD,1,Data Scientist,Analytics,Bangalore,Remote,4,No,555716
EMP0143,25,Male,Bachelor,4,Recruiter,HR,Pune,Remote,4,Yes,550876
EMP0144,31,Female,Bachelor,6,Data Scientist,Analytics,Pune,Hybrid,4,No,696914
EMP0145,31,Female,Bachelor,10,AI Engineer,AI,Pune,Remote,5,No,1080167
EMP0146,25,Female,Bachelor,0,HR Executive,HR,Pune,Office,5,Yes,416828
EMP0147,39,Male,Master,6,QA Engineer,IT,Mumbai,Office,3,No,789621
EMP0148,41,Female,Bachelor,20,Finance Analyst,Finance,Delhi,Office,5,No,1754261
EMP0149,38,Female,Bachelor,17,System Administrator,IT,Delhi,Office,3,Yes,1531061
EMP0150,45,Female,Master,22,ML Engineer,AI,Hyderabad,Hybrid,4,No,1843339
EMP0151,23,Female,Bachelor,2,Recruiter,HR,Pune,Remote,3,No,423297
EMP0152,50,Female,Master,20,UI/UX Designer,Design,Pune,Remote,5,No,1944121
EMP0153,49,Female,Bachelor,25,ML Engineer,AI,Hyderabad,Hybrid,3,Yes,2003814
EMP0154,25,Female,Bachelor,3,Data Scientist,Analytics,Bangalore,Office,5,No,562687
EMP0155,28,Male,Bachelor,3,Content Writer,Marketing,Chennai,Office,4,Yes,479011
EMP0156,44,Female,Bachelor,7,Data Analyst,Analytics,Delhi,Remote,4,Yes,839224
EMP0157,35,Male,Master,8,System Administrator,IT,Hyderabad,Remote,4,No,932174
EMP0158,24,Female,Master,3,Finance Analyst,Finance,Mumbai,Remote,5,Yes,790177
EMP0159,26,Female,Bachelor,5,Finance Analyst,Finance,Chennai,Hybrid,4,Yes,634306
EMP0160,42,Male,Bachelor,21,Project Manager,Management,Pune,Remote,4,No,2115646
EMP0161,30,Male,Bachelor,9,Business Analyst,Business,Bangalore,Remote,3,Yes,977640
EMP0162,42,Female,Master,10,Data Scientist,Analytics,Mumbai,Office,3,No,1007122
EMP0163,42,Male,Bachelor,7,Senior Manager,Management,Hyderabad,Hybrid,3,No,1122811
EMP0164,28,Male,Bachelor,7,AI Engineer,AI,Chennai,Hybrid,3,No,772414
EMP0165,39,Female,Master,14,System Administrator,IT,Pune,Office,3,Yes,1423499
EMP0166,42,Female,Bachelor,16,UI/UX Designer,Design,Mumbai,Hybrid,3,No,1382246
EMP0167,32,Female,Bachelor,11,System Administrator,IT,Hyderabad,Hybrid,5,No,1175937
EMP0168,44,Male,Bachelor,11,Software Engineer,IT,Mumbai,Office,3,No,986813
EMP0169,36,Female,Bachelor,4,Network Engineer,IT,Hyderabad,Hybrid,3,No,569202
EMP0170,36,Female,Bachelor,15,Business Analyst,Business,Delhi,Hybrid,4,Yes,1303554
EMP0171,23,Female,Bachelor,2,Content Writer,Marketing,Bangalore,Hybrid,4,No,363703
EMP0172,25,Female,Bachelor,4,Network Engineer,IT,Delhi,Office,4,Yes,541476
EMP0173,33,Female,Bachelor,7,Project Manager,Management,Pune,Hybrid,4,No,1143716
EMP0174,36,Female,Bachelor,14,Cloud Engineer,IT,Bangalore,Remote,5,Yes,1436529
EMP0175,40,Male,Bachelor,6,Network Engineer,IT,Pune,Remote,5,No,847957
EMP0176,39,Male,Bachelor,18,ML Engineer,AI,Pune,Office,3,Yes,1573357
EMP0177,36,Female,PhD,15,Finance Analyst,Finance,Bangalore,Office,5,Yes,1776921
EMP0178,25,Female,Master,4,Data Analyst,Analytics,Mumbai,Remote,4,No,596322
EMP0179,24,Male,Bachelor,3,Business Analyst,Business,Bangalore,Remote,4,Yes,476732
EMP0180,39,Female,Master,0,System Administrator,IT,Delhi,Office,4,Yes,416472
EMP0181,41,Male,Master,18,Project Manager,Management,Mumbai,Remote,4,No,2028453
EMP0182,25,Male,Bachelor,4,Recruiter,HR,Delhi,Office,5,No,700921
EMP0183,36,Female,Master,15,QA Engineer,IT,Chennai,Remote,4,No,1399296
EMP0184,29,Male,Bachelor,8,Cloud Engineer,IT,Delhi,Office,4,No,802445
EMP0185,30,Female,Master,9,Recruiter,HR,Mumbai,Remote,4,No,986056
EMP0186,22,Female,Bachelor,1,Content Writer,Marketing,Bangalore,Office,5,Yes,516243
EMP0187,41,Male,Bachelor,1,Finance Analyst,Finance,Bangalore,Office,4,No,331872
EMP0188,40,Male,Master,3,Senior Manager,Management,Pune,Hybrid,3,No,984862
EMP0189,36,Female,Bachelor,15,System Administrator,IT,Delhi,Hybrid,3,Yes,1360560
EMP0190,33,Female,Bachelor,12,Business Analyst,Business,Chennai,Hybrid,5,Yes,1282292
EMP0191,33,Male,PhD,12,Data Scientist,Analytics,Bangalore,Remote,4,Yes,1350808
EMP0192,26,Female,Master,5,Software Engineer,IT,Chennai,Remote,5,Yes,925789
EMP0193,44,Female,Master,11,ML Engineer,AI,Chennai,Office,4,Yes,1202788
EMP0194,25,Female,Bachelor,4,Recruiter,HR,Pune,Office,5,No,668858
EMP0195,26,Male,Bachelor,5,AI Engineer,AI,Delhi,Office,4,Yes,690842
EMP0196,36,Male,Master,15,Cloud Engineer,IT,Mumbai,Hybrid,3,No,1410570
EMP0197,36,Male,Bachelor,5,Software Engineer,IT,Bangalore,Hybrid,5,Yes,821442
EMP0198,45,Male,Master,17,Business Analyst,Business,Pune,Hybrid,5,Yes,1769830
EMP0199,32,Female,Bachelor,11,Software Engineer,IT,Bangalore,Office,5,Yes,1185541
EMP0200,48,Female,Bachelor,4,HR Executive,HR,Delhi,Remote,4,No,515729
EMP0201,43,Male,Bachelor,14,Data Scientist,Analytics,Hyderabad,Remote,4,No,1223727
EMP0202,23,Female,Master,2,Software Engineer,IT,Bangalore,Hybrid,5,No,679773
EMP0203,35,Female,Bachelor,14,Recruiter,HR,Delhi,Remote,5,No,1425105
EMP0204,50,Male,Bachelor,13,AI Engineer,AI,Hyderabad,Hybrid,5,Yes,1372983
EMP0205,45,Female,Master,22,AI Engineer,AI,Delhi,Office,3,No,1911283
EMP0206,45,Female,Bachelor,24,DevOps Engineer,IT,Hyderabad,Office,3,Yes,1943446
EMP0207,40,Female,Bachelor,19,ML Engineer,AI,Bangalore,Remote,5,No,1720085
EMP0208,37,Female,Bachelor,10,DevOps Engineer,IT,Bangalore,Remote,5,No,1092286
EMP0209,47,Male,Bachelor,12,Cloud Engineer,IT,Bangalore,Office,5,Yes,1318294
EMP0210,42,Female,Master,15,Senior Manager,Management,Hyderabad,Remote,3,No,1782635
EMP0211,40,Male,Master,19,Content Writer,Marketing,Pune,Office,5,No,1822352
EMP0212,43,Male,Bachelor,1,Senior Manager,Management,Mumbai,Hybrid,4,Yes,782905
EMP0213,32,Male,PhD,8,DevOps Engineer,IT,Bangalore,Hybrid,3,No,1056476
EMP0214,28,Female,Bachelor,2,Cloud Engineer,IT,Mumbai,Remote,5,Yes,590011
EMP0215,43,Female,Master,2,Business Analyst,Business,Hyderabad,Remote,3,No,480908
EMP0216,50,Female,Bachelor,3,System Administrator,IT,Bangalore,Remote,5,Yes,622512
EMP0217,32,Female,Bachelor,1,HR Executive,HR,Hyderabad,Hybrid,3,No,332148
EMP0218,33,Male,Master,12,Finance Analyst,Finance,Mumbai,Office,5,Yes,1423564
EMP0219,50,Female,Bachelor,3,ML Engineer,AI,Pune,Remote,4,No,480970
EMP0220,40,Male,Bachelor,12,System Administrator,IT,Hyderabad,Remote,3,Yes,1141298
EMP0221,44,Male,Bachelor,9,Network Engineer,IT,Mumbai,Hybrid,4,No,898869
EMP0222,43,Male,Bachelor,13,Cloud Engineer,IT,Mumbai,Hybrid,3,No,1148211
EMP0223,45,Female,Bachelor,14,Senior Manager,Management,Mumbai,Office,4,No,1641554
EMP0224,26,Female,Bachelor,5,AI Engineer,AI,Pune,Hybrid,3,No,555834
EMP0225,31,Female,Master,5,Cloud Engineer,IT,Bangalore,Hybrid,3,No,699801
EMP0226,25,Female,Bachelor,4,AI Engineer,AI,Mumbai,Hybrid,3,Yes,585461
EMP0227,42,Male,Master,0,DevOps Engineer,IT,Pune,Office,3,No,399178
EMP0228,45,Female,Master,19,Business Analyst,Business,Chennai,Office,4,No,1702800
EMP0229,26,Female,Master,3,Network Engineer,IT,Hyderabad,Remote,5,Yes,792344
EMP0230,38,Male,Bachelor,15,System Administrator,IT,Chennai,Hybrid,4,No,1270478
EMP0231,23,Female,Bachelor,2,Software Engineer,IT,Hyderabad,Remote,5,No,531647
EMP0232,50,Male,Master,23,AI Engineer,AI,Pune,Remote,4,No,1926576
EMP0233,36,Male,Bachelor,6,Software Engineer,IT,Mumbai,Office,4,Yes,681381
EMP0234,43,Female,Master,0,Finance Analyst,Finance,Mumbai,Remote,4,No,338367
EMP0235,38,Male,Master,17,UI/UX Designer,Design,Chennai,Office,3,Yes,1569609
EMP0236,39,Male,Master,18,System Administrator,IT,Mumbai,Remote,3,No,1639615
EMP0237,35,Female,Bachelor,2,AI Engineer,AI,Delhi,Hybrid,3,No,377448
EMP0238,29,Male,Bachelor,8,Finance Analyst,Finance,Mumbai,Hybrid,5,No,958370
EMP0239,40,Female,Bachelor,18,UI/UX Designer,Design,Pune,Remote,3,Yes,1578367
EMP0240,48,Male,Bachelor,4,Finance Analyst,Finance,Pune,Office,3,Yes,584509
EMP0241,28,Female,Bachelor,7,DevOps Engineer,IT,Chennai,Hybrid,5,Yes,935550
EMP0242,30,Male,Bachelor,8,Data Analyst,Analytics,Chennai,Office,4,No,847858
EMP0243,23,Male,Bachelor,2,Project Manager,Management,Hyderabad,Office,5,Yes,951069
EMP0244,37,Female,Bachelor,11,Network Engineer,IT,Hyderabad,Remote,5,Yes,1235599
EMP0245,33,Male,Bachelor,5,AI Engineer,AI,Chennai,Remote,4,Yes,634222
EMP0246,45,Male,Bachelor,12,HR Executive,HR,Bangalore,Office,5,No,1224637
EMP0247,43,Male,Bachelor,22,Data Scientist,Analytics,Mumbai,Remote,4,Yes,1885617
EMP0248,41,Female,Master,9,Data Analyst,Analytics,Hyderabad,Office,4,Yes,1024545
EMP0249,47,Female,Bachelor,11,HR Executive,HR,Hyderabad,Office,3,No,979163
EMP0250,35,Male,Bachelor,1,Finance Analyst,Finance,Hyderabad,Hybrid,5,Yes,523234
EMP0251,40,Female,Bachelor,9,Senior Manager,Management,Delhi,Office,3,Yes,1306016
EMP0252,33,Female,Bachelor,12,HR Executive,HR,Pune,Office,3,No,1067441
EMP0253,46,Female,Bachelor,22,UI/UX Designer,Design,Delhi,Hybrid,5,Yes,1953910
EMP0254,37,Male,Bachelor,16,Data Scientist,Analytics,Pune,Hybrid,5,No,1480251
EMP0255,32,Female,Bachelor,11,AI Engineer,AI,Pune,Remote,3,No,1054509
EMP0256,27,Male,Master,6,AI Engineer,AI,Mumbai,Hybrid,4,Yes,781567
EMP0257,45,Female,Bachelor,17,DevOps Engineer,IT,Mumbai,Hybrid,4,Yes,1528877
EMP0258,37,Female,Bachelor,16,QA Engineer,IT,Bangalore,Office,4,Yes,1397556
EMP0259,46,Male,Master,11,System Administrator,IT,Mumbai,Hybrid,4,No,1100935
EMP0260,29,Male,PhD,8,Network Engineer,IT,Bangalore,Hybrid,4,Yes,1088515
EMP0261,42,Male,Master,3,Project Manager,Management,Pune,Office,5,No,1063487
EMP0262,43,Female,Master,10,Data Analyst,Analytics,Pune,Hybrid,3,No,1062077
EMP0263,40,Male,PhD,19,Project Manager,Management,Delhi,Remote,5,Yes,2398887
EMP0264,23,Female,Master,2,System Administrator,IT,Hyderabad,Hybrid,4,Yes,581952
EMP0265,40,Female,Master,19,Senior Manager,Management,Bangalore,Remote,3,Yes,2109729
EMP0266,49,Female,Master,23,Data Scientist,Analytics,Pune,Office,4,Yes,2027253
EMP0267,33,Male,Bachelor,1,Cloud Engineer,IT,Chennai,Remote,5,No,471402
EMP0268,24,Female,Bachelor,3,Senior Manager,Management,Delhi,Hybrid,5,Yes,1092083
EMP0269,33,Male,Bachelor,12,Recruiter,HR,Mumbai,Remote,3,Yes,1150556
EMP0270,39,Female,Bachelor,18,Network Engineer,IT,Delhi,Remote,3,No,1477759
EMP0271,40,Male,Bachelor,4,Project Manager,Management,Chennai,Remote,4,Yes,971476
EMP0272,32,Female,Bachelor,11,Data Analyst,Analytics,Delhi,Office,3,No,1066088
EMP0273,25,Male,PhD,4,Business Analyst,Business,Chennai,Remote,3,No,783857
EMP0274,47,Female,Bachelor,11,Software Engineer,IT,Delhi,Office,5,Yes,1237637
EMP0275,27,Male,Bachelor,4,QA Engineer,IT,Mumbai,Office,4,No,553178
EMP0276,30,Male,Bachelor,5,Data Analyst,Analytics,Delhi,Remote,4,No,631834
EMP0277,30,Male,Master,9,Recruiter,HR,Hyderabad,Remote,4,Yes,1052568
EMP0278,37,Male,Master,13,Finance Analyst,Finance,Hyderabad,Office,5,No,1409729
EMP0279,49,Female,Bachelor,5,Data Analyst,Analytics,Pune,Remote,4,No,558348
EMP0280,23,Female,Bachelor,2,System Administrator,IT,Bangalore,Hybrid,5,No,541263
EMP0281,39,Female,Master,1,AI Engineer,AI,Hyderabad,Remote,3,Yes,479321
EMP0282,33,Female,Master,12,Recruiter,HR,Chennai,Remote,3,No,1197727
EMP0283,31,Female,Master,10,Finance Analyst,Finance,Delhi,Office,3,Yes,1105276
EMP0284,33,Female,Bachelor,5,DevOps Engineer,IT,Hyderabad,Hybrid,5,Yes,774692
EMP0285,48,Male,Master,12,Content Writer,Marketing,Mumbai,Hybrid,5,Yes,1431761
EMP0286,50,Female,Master,6,System Administrator,IT,Pune,Office,3,No,772268
EMP0287,41,Female,Bachelor,12,HR Executive,HR,Mumbai,Office,3,Yes,1095175
EMP0288,23,Female,Master,2,Network Engineer,IT,Bangalore,Hybrid,4,No,451551
EMP0289,42,Male,Master,8,System Administrator,IT,Delhi,Office,5,Yes,1157771
EMP0290,37,Male,Master,3,Software Engineer,IT,Hyderabad,Remote,4,No,596765
EMP0291,31,Male,Bachelor,10,Data Analyst,Analytics,Hyderabad,Hybrid,4,No,925918
EMP0292,44,Female,Bachelor,23,Recruiter,HR,Pune,Office,5,Yes,2048195
EMP0293,24,Female,Master,3,QA Engineer,IT,Delhi,Office,5,No,724649
EMP0294,25,Female,Bachelor,4,Data Scientist,Analytics,Bangalore,Hybrid,4,No,573362
EMP0295,42,Male,Bachelor,14,Content Writer,Marketing,Delhi,Hybrid,5,Yes,1448265
EMP0296,25,Female,Bachelor,4,HR Executive,HR,Mumbai,Office,4,No,541049
EMP0297,50,Male,Bachelor,21,Senior Manager,Management,Pune,Hybrid,3,No,2165370
EMP0298,50,Female,Bachelor,20,Project Manager,Management,Chennai,Remote,4,Yes,2131157
EMP0299,39,Male,Bachelor,1,Project Manager,Management,Bangalore,Remote,3,Yes,794705
EMP0300,36,Female,Bachelor,7,HR Executive,HR,Hyderabad,Hybrid,4,Yes,795473
EMP0301,36,Female,Bachelor,14,AI Engineer,AI,Mumbai,Office,4,No,1232615
EMP0302,27,Male,Master,4,AI Engineer,AI,Chennai,Office,5,Yes,876830
EMP0303,41,Female,Bachelor,20,DevOps Engineer,IT,Mumbai,Remote,5,No,1796815
EMP0304,46,Male,Bachelor,9,Software Engineer,IT,Mumbai,Hybrid,5,Yes,1121205
EMP0305,35,Female,Master,14,DevOps Engineer,IT,Chennai,Office,3,No,1321586
EMP0306,49,Female,Bachelor,21,QA Engineer,IT,Pune,Office,4,No,1703141
EMP0307,48,Female,Master,23,Cloud Engineer,IT,Chennai,Hybrid,5,No,2113202
EMP0308,35,Male,Master,11,Senior Manager,Management,Chennai,Hybrid,4,No,1555380
EMP0309,32,Female,Bachelor,11,System Administrator,IT,Hyderabad,Hybrid,5,No,1152684
EMP0310,46,Female,Master,18,Data Scientist,Analytics,Pune,Office,3,Yes,1706276
EMP0311,41,Female,Bachelor,17,Data Analyst,Analytics,Pune,Remote,4,Yes,1504443
EMP0312,23,Female,Master,2,Data Scientist,Analytics,Bangalore,Remote,5,Yes,694488
EMP0313,46,Female,Master,7,Content Writer,Marketing,Chennai,Remote,3,Yes,852352
EMP0314,44,Female,Bachelor,14,Project Manager,Management,Hyderabad,Office,4,Yes,1638792
EMP0315,27,Male,Bachelor,6,Project Manager,Management,Mumbai,Hybrid,4,No,1029004
EMP0316,47,Female,Bachelor,14,Content Writer,Marketing,Hyderabad,Hybrid,4,Yes,1280671
EMP0317,39,Male,Bachelor,16,System Administrator,IT,Bangalore,Hybrid,3,No,1381952
EMP0318,43,Female,Bachelor,0,Network Engineer,IT,Bangalore,Hybrid,3,No,255564
EMP0319,23,Female,Master,2,Data Analyst,Analytics,Hyderabad,Hybrid,3,Yes,524861
EMP0320,50,Male,Master,20,System Administrator,IT,Mumbai,Remote,4,No,1796349
EMP0321,48,Female,Bachelor,16,System Administrator,IT,Chennai,Remote,3,Yes,1439308
EMP0322,42,Male,Bachelor,21,Project Manager,Management,Pune,Remote,3,No,2092584
EMP0323,29,Male,PhD,8,Business Analyst,Business,Chennai,Office,4,Yes,1150467
EMP0324,48,Male,Bachelor,11,Data Analyst,Analytics,Hyderabad,Hybrid,5,No,1133325
EMP0325,35,Male,Bachelor,12,Senior Manager,Management,Pune,Office,5,Yes,1687737
EMP0326,31,Male,PhD,10,Cloud Engineer,IT,Bangalore,Office,5,Yes,1350677
EMP0327,41,Female,Bachelor,14,AI Engineer,AI,Hyderabad,Remote,3,Yes,1307034
EMP0328,45,Female,Bachelor,24,Data Analyst,Analytics,Delhi,Office,5,Yes,2107554
EMP0329,38,Female,PhD,8,ML Engineer,AI,Chennai,Office,3,Yes,1110257
EMP0330,30,Male,Bachelor,1,Recruiter,HR,Pune,Hybrid,5,Yes,496984
EMP0331,48,Male,Master,10,HR Executive,HR,Hyderabad,Remote,4,Yes,1070447
EMP0332,50,Female,Master,9,Data Scientist,Analytics,Bangalore,Office,3,Yes,1060235
EMP0333,38,Female,Bachelor,1,Software Engineer,IT,Hyderabad,Remote,3,Yes,332008
EMP0334,42,Male,Bachelor,2,AI Engineer,AI,Pune,Office,5,Yes,564920
EMP0335,31,Male,PhD,3,Data Analyst,Analytics,Bangalore,Hybrid,4,No,684245
EMP0336,50,Male,Master,6,Data Scientist,Analytics,Mumbai,Remote,5,No,904173
EMP0337,44,Female,Bachelor,23,Data Scientist,Analytics,Hyderabad,Remote,5,No,2047727
EMP0338,24,Male,Bachelor,3,UI/UX Designer,Design,Mumbai,Remote,3,No,440955
EMP0339,38,Male,Bachelor,16,Data Scientist,Analytics,Pune,Hybrid,4,No,1364220
EMP0340,49,Female,Bachelor,14,DevOps Engineer,IT,Chennai,Hybrid,4,No,1201908
EMP0341,29,Female,Master,8,UI/UX Designer,Design,Hyderabad,Hybrid,5,No,1075354
EMP0342,31,Female,Bachelor,7,HR Executive,HR,Chennai,Office,3,No,767663
EMP0343,44,Female,Bachelor,11,DevOps Engineer,IT,Delhi,Office,3,Yes,1077596
EMP0344,25,Male,Bachelor,4,Network Engineer,IT,Bangalore,Hybrid,5,No,683751
EMP0345,31,Male,Bachelor,10,Finance Analyst,Finance,Hyderabad,Office,3,No,931294
EMP0346,46,Female,Bachelor,0,Content Writer,Marketing,Bangalore,Remote,5,Yes,478155
EMP0347,41,Male,Bachelor,20,QA Engineer,IT,Chennai,Office,4,No,1605301
EMP0348,44,Male,Bachelor,18,Project Manager,Management,Bangalore,Hybrid,3,No,1869671
EMP0349,36,Female,Bachelor,15,Software Engineer,IT,Delhi,Hybrid,4,No,1333055
EMP0350,28,Female,Bachelor,7,AI Engineer,AI,Mumbai,Remote,5,No,930734
EMP0351,45,Male,Master,5,Content Writer,Marketing,Chennai,Hybrid,3,No,698025
EMP0352,33,Male,Master,2,Business Analyst,Business,Delhi,Remote,3,No,464932
EMP0353,44,Female,Master,13,DevOps Engineer,IT,Delhi,Remote,3,Yes,1263018
EMP0354,30,Female,Bachelor,0,Business Analyst,Business,Bangalore,Remote,5,Yes,409331
EMP0355,34,Male,Master,13,Data Scientist,Analytics,Pune,Hybrid,5,No,1410789
EMP0356,38,Female,Bachelor,13,DevOps Engineer,IT,Pune,Hybrid,4,Yes,1168852
EMP0357,24,Female,Bachelor,3,QA Engineer,IT,Delhi,Office,4,Yes,482059
EMP0358,45,Male,Master,18,AI Engineer,AI,Chennai,Hybrid,3,No,1624163
EMP0359,42,Male,Bachelor,21,UI/UX Designer,Design,Bangalore,Remote,4,Yes,1737002
EMP0360,45,Female,Bachelor,6,ML Engineer,AI,Delhi,Hybrid,4,No,642138
EMP0361,29,Male,Bachelor,0,Data Scientist,Analytics,Hyderabad,Remote,3,Yes,283898
EMP0362,35,Male,Master,0,Network Engineer,IT,Bangalore,Remote,5,No,520940
EMP0363,34,Female,Bachelor,12,QA Engineer,IT,Chennai,Hybrid,5,No,1280430
EMP0364,28,Male,Bachelor,7,Data Scientist,Analytics,Bangalore,Remote,5,Yes,984914
EMP0365,31,Male,Master,2,Network Engineer,IT,Hyderabad,Remote,5,No,668180
EMP0366,38,Female,Bachelor,9,Senior Manager,Management,Delhi,Hybrid,3,Yes,1321669
EMP0367,45,Female,PhD,8,HR Executive,HR,Delhi,Office,3,No,1026716
EMP0368,24,Male,Master,3,Content Writer,Marketing,Hyderabad,Remote,3,Yes,631035
EMP0369,48,Female,Master,8,System Administrator,IT,Chennai,Hybrid,5,Yes,1076796
EMP0370,37,Male,Bachelor,16,UI/UX Designer,Design,Delhi,Office,4,Yes,1380186
EMP0371,39,Male,Bachelor,6,Senior Manager,Management,Bangalore,Remote,4,Yes,1115974
EMP0372,34,Male,Bachelor,4,Cloud Engineer,IT,Pune,Office,4,Yes,548228
EMP0373,41,Female,Bachelor,17,Software Engineer,IT,Delhi,Hybrid,5,Yes,1688255
EMP0374,48,Male,Bachelor,13,HR Executive,HR,Hyderabad,Office,4,No,1205794
EMP0375,47,Female,Master,24,Cloud Engineer,IT,Pune,Remote,5,Yes,2242512
EMP0376,43,Female,Master,16,Senior Manager,Management,Hyderabad,Hybrid,5,Yes,2060986
EMP0377,26,Female,Bachelor,5,Cloud Engineer,IT,Chennai,Remote,5,Yes,837867
EMP0378,22,Male,Bachelor,1,Data Scientist,Analytics,Delhi,Office,4,No,286957
EMP0379,43,Female,Bachelor,22,ML Engineer,AI,Chennai,Office,5,Yes,2038626
EMP0380,47,Male,Bachelor,11,ML Engineer,AI,Pune,Office,5,No,1201335
EMP0381,29,Female,Master,8,Data Scientist,Analytics,Bangalore,Remote,3,No,880936
EMP0382,37,Male,Bachelor,16,Network Engineer,IT,Bangalore,Hybrid,3,Yes,1453446
EMP0383,36,Female,Bachelor,15,QA Engineer,IT,Bangalore,Office,3,No,1256329
EMP0384,47,Female,Bachelor,20,Data Analyst,Analytics,Bangalore,Hybrid,5,No,1802948
EMP0385,43,Female,Bachelor,19,Recruiter,HR,Delhi,Office,3,No,1557289
EMP0386,37,Male,Bachelor,16,Finance Analyst,Finance,Hyderabad,Hybrid,4,No,1382386
EMP0387,25,Male,Bachelor,4,Data Scientist,Analytics,Hyderabad,Remote,4,Yes,617535
EMP0388,34,Female,PhD,13,ML Engineer,AI,Bangalore,Hybrid,4,Yes,1509919
EMP0389,28,Female,Bachelor,6,Data Analyst,Analytics,Chennai,Remote,3,No,638572
EMP0390,30,Male,Bachelor,9,Content Writer,Marketing,Chennai,Remote,5,Yes,1063144
EMP0391,39,Male,Master,18,Project Manager,Management,Bangalore,Hybrid,3,Yes,2096054
EMP0392,29,Male,Master,8,Business Analyst,Business,Hyderabad,Hybrid,3,No,953276
EMP0393,41,Male,Master,3,HR Executive,HR,Pune,Remote,5,No,756291
EMP0394,26,Male,Master,5,QA Engineer,IT,Chennai,Office,5,No,817178
EMP0395,28,Male,Bachelor,7,Finance Analyst,Finance,Mumbai,Remote,4,Yes,832075
EMP0396,22,Female,Bachelor,1,ML Engineer,AI,Bangalore,Hybrid,3,No,306689
EMP0397,31,Male,Bachelor,10,Senior Manager,Management,Bangalore,Hybrid,4,No,1387727
EMP0398,50,Male,PhD,17,Project Manager,Management,Pune,Office,4,No,2063933
EMP0399,35,Male,Master,14,Project Manager,Management,Hyderabad,Hybrid,3,Yes,1787349
EMP0400,34,Male,Master,3,Finance Analyst,Finance,Hyderabad,Remote,3,Yes,595182
EMP0401,43,Female,Bachelor,2,Data Scientist,Analytics,Pune,Office,3,Yes,489225
EMP0402,43,Female,Bachelor,21,QA Engineer,IT,Chennai,Remote,4,No,1768765
EMP0403,28,Female,Bachelor,5,AI Engineer,AI,Mumbai,Hybrid,5,Yes,790152
EMP0404,50,Male,Master,14,Project Manager,Management,Bangalore,Hybrid,4,No,1728369
EMP0405,23,Female,Bachelor,2,Software Engineer,IT,Delhi,Office,4,Yes,481359
EMP0406,34,Male,Bachelor,13,Content Writer,Marketing,Mumbai,Remote,4,Yes,1202717
EMP0407,45,Female,Bachelor,2,Recruiter,HR,Mumbai,Office,3,No,373071
EMP0408,31,Male,Master,10,Data Analyst,Analytics,Pune,Office,3,No,1069789
EMP0409,38,Male,Bachelor,14,AI Engineer,AI,Mumbai,Hybrid,4,Yes,1311651
EMP0410,36,Female,Master,13,Project Manager,Management,Delhi,Hybrid,5,Yes,1826386
EMP0411,46,Female,PhD,15,Senior Manager,Management,Chennai,Remote,5,No,2051189
EMP0412,32,Female,Master,11,Software Engineer,IT,Mumbai,Remote,3,No,1130289
EMP0413,47,Male,Master,14,Finance Analyst,Finance,Bangalore,Hybrid,5,Yes,1553331
EMP0414,35,Female,Master,14,Software Engineer,IT,Bangalore,Office,3,No,1308333
EMP0415,49,Male,Bachelor,17,HR Executive,HR,Pune,Remote,4,Yes,1531259
EMP0416,30,Female,PhD,9,Network Engineer,IT,Bangalore,Hybrid,4,No,1155772
EMP0417,47,Male,Master,5,QA Engineer,IT,Hyderabad,Office,3,Yes,742799
EMP0418,31,Female,Bachelor,3,Project Manager,Management,Pune,Office,3,Yes,872632
EMP0419,33,Female,Bachelor,12,Senior Manager,Management,Chennai,Remote,4,No,1508614
EMP0420,44,Female,Bachelor,9,Software Engineer,IT,Hyderabad,Remote,4,Yes,947858
EMP0421,46,Female,Master,20,Data Analyst,Analytics,Pune,Hybrid,5,Yes,1968127
EMP0422,41,Female,Master,9,HR Executive,HR,Delhi,Office,3,Yes,1057097
EMP0423,38,Male,Bachelor,12,Content Writer,Marketing,Delhi,Office,5,No,1217398
EMP0424,29,Female,Master,8,Senior Manager,Management,Bangalore,Remote,3,No,1336899
EMP0425,45,Female,Bachelor,4,Data Scientist,Analytics,Hyderabad,Remote,3,Yes,613115
EMP0426,25,Female,Master,4,Recruiter,HR,Bangalore,Office,5,No,745709
EMP0427,31,Female,Bachelor,6,UI/UX Designer,Design,Bangalore,Remote,3,Yes,672978
EMP0428,27,Male,Bachelor,6,Recruiter,HR,Hyderabad,Hybrid,5,No,842477
EMP0429,37,Male,Bachelor,0,UI/UX Designer,Design,Pune,Office,4,No,250000
EMP0430,30,Female,Bachelor,7,Content Writer,Marketing,Bangalore,Hybrid,5,Yes,969964
EMP0431,47,Female,Bachelor,18,Data Scientist,Analytics,Chennai,Hybrid,5,No,1698555
EMP0432,44,Female,PhD,23,Project Manager,Management,Bangalore,Office,5,No,2682197
EMP0433,49,Male,PhD,7,DevOps Engineer,IT,Pune,Hybrid,5,No,1162907
EMP0434,49,Female,Master,12,Content Writer,Marketing,Chennai,Remote,3,No,1157355
EMP0435,45,Male,Bachelor,9,Software Engineer,IT,Delhi,Remote,5,No,1031524
EMP0436,37,Male,PhD,15,Content Writer,Marketing,Chennai,Office,4,No,1533878
EMP0437,35,Male,Master,14,Content Writer,Marketing,Bangalore,Hybrid,3,Yes,1409693
EMP0438,46,Male,Bachelor,20,System Administrator,IT,Chennai,Hybrid,4,No,1661311
EMP0439,48,Male,PhD,12,Cloud Engineer,IT,Mumbai,Office,4,No,1362490
EMP0440,46,Female,Bachelor,24,Data Analyst,Analytics,Delhi,Hybrid,5,No,2073449
EMP0441,25,Male,PhD,4,Software Engineer,IT,Mumbai,Hybrid,3,Yes,801071
EMP0442,25,Female,Bachelor,4,Data Analyst,Analytics,Pune,Hybrid,5,No,670134
EMP0443,46,Male,Bachelor,13,Cloud Engineer,IT,Mumbai,Office,4,Yes,1172096
EMP0444,26,Male,Bachelor,5,Business Analyst,Business,Hyderabad,Remote,4,Yes,631818
EMP0445,47,Female,Bachelor,9,UI/UX Designer,Design,Bangalore,Office,4,No,916202
EMP0446,29,Female,Bachelor,8,System Administrator,IT,Delhi,Office,5,No,961825
EMP0447,45,Female,Bachelor,24,ML Engineer,AI,Delhi,Hybrid,5,No,2065283
EMP0448,45,Male,Master,2,UI/UX Designer,Design,Bangalore,Hybrid,4,No,536262
EMP0449,39,Female,Bachelor,18,UI/UX Designer,Design,Delhi,Remote,3,No,1489954
EMP0450,23,Male,Master,2,Software Engineer,IT,Chennai,Office,5,No,611932
EMP0451,47,Male,Bachelor,13,Software Engineer,IT,Hyderabad,Remote,3,No,1176181
EMP0452,47,Male,Bachelor,22,QA Engineer,IT,Bangalore,Hybrid,3,Yes,1866089
EMP0453,41,Female,PhD,20,AI Engineer,AI,Chennai,Remote,5,Yes,2088858
EMP0454,46,Female,Bachelor,5,Project Manager,Management,Chennai,Hybrid,5,Yes,1245944
EMP0455,43,Male,Master,5,Network Engineer,IT,Bangalore,Remote,3,Yes,742278
EMP0456,38,Female,Master,11,Recruiter,HR,Pune,Hybrid,3,No,1097548
EMP0457,45,Male,Bachelor,24,Software Engineer,IT,Chennai,Office,5,No,2118148
EMP0458,36,Female,Bachelor,15,UI/UX Designer,Design,Hyderabad,Remote,4,No,1339230
EMP0459,31,Male,Master,10,Content Writer,Marketing,Mumbai,Office,4,No,1037718
EMP0460,26,Female,Bachelor,5,UI/UX Designer,Design,Chennai,Office,3,Yes,624665
EMP0461,37,Male,Bachelor,3,Finance Analyst,Finance,Bangalore,Remote,5,Yes,704219
EMP0462,27,Female,Bachelor,6,Project Manager,Management,Bangalore,Office,5,No,1213651
EMP0463,26,Male,Master,5,HR Executive,HR,Chennai,Remote,5,No,876964
EMP0464,44,Male,Master,8,UI/UX Designer,Design,Mumbai,Office,3,Yes,934433
EMP0465,47,Male,Bachelor,20,Business Analyst,Business,Bangalore,Office,3,No,1660096
EMP0466,31,Female,Master,1,System Administrator,IT,Pune,Hybrid,5,Yes,643543
EMP0467,50,Female,Bachelor,25,Finance Analyst,Finance,Delhi,Hybrid,5,No,2163755
EMP0468,43,Male,Bachelor,0,Finance Analyst,Finance,Delhi,Office,4,No,263655
EMP0469,35,Male,Master,2,Finance Analyst,Finance,Bangalore,Remote,3,No,521848
EMP0470,26,Male,Master,5,System Administrator,IT,Pune,Remote,5,Yes,947454
EMP0471,37,Female,Bachelor,5,System Administrator,IT,Bangalore,Hybrid,5,Yes,815077
EMP0472,27,Male,Bachelor,6,System Administrator,IT,Hyderabad,Office,5,No,788615
EMP0473,45,Female,Bachelor,24,Finance Analyst,Finance,Hyderabad,Office,5,Yes,2111425
EMP0474,36,Male,Bachelor,15,HR Executive,HR,Hyderabad,Hybrid,3,Yes,1306954
EMP0475,49,Female,Bachelor,23,System Administrator,IT,Pune,Hybrid,4,No,1849639
EMP0476,32,Male,Bachelor,11,Software Engineer,IT,Hyderabad,Office,4,No,1039894
EMP0477,42,Female,Bachelor,11,UI/UX Designer,Design,Delhi,Hybrid,3,No,978639
EMP0478,27,Female,Master,1,Content Writer,Marketing,Bangalore,Office,5,No,532820
EMP0479,29,Male,Master,5,Content Writer,Marketing,Mumbai,Remote,3,Yes,739871
EMP0480,45,Male,Bachelor,21,Finance Analyst,Finance,Pune,Remote,4,Yes,1744676
EMP0481,25,Female,Bachelor,4,Cloud Engineer,IT,Chennai,Remote,4,No,533816
EMP0482,30,Male,Bachelor,9,Content Writer,Marketing,Bangalore,Hybrid,3,No,896725
EMP0483,28,Male,Master,1,HR Executive,HR,Chennai,Hybrid,3,No,450169
EMP0484,22,Male,PhD,1,Software Engineer,IT,Hyderabad,Hybrid,3,No,575339
EMP0485,24,Female,Bachelor,3,Recruiter,HR,Hyderabad,Hybrid,4,No,472071
EMP0486,31,Male,Bachelor,7,Content Writer,Marketing,Pune,Remote,3,Yes,755722
EMP0487,40,Male,Master,19,Network Engineer,IT,Hyderabad,Office,5,No,1789649
EMP0488,22,Male,Master,1,HR Executive,HR,Bangalore,Office,3,No,412930
EMP0489,43,Male,PhD,11,HR Executive,HR,Pune,Remote,4,No,1241425
EMP0490,30,Female,Bachelor,4,Senior Manager,Management,Delhi,Office,4,No,926861
EMP0491,43,Male,Bachelor,13,AI Engineer,AI,Chennai,Hybrid,4,Yes,1230496
EMP0492,40,Female,Master,9,Data Analyst,Analytics,Pune,Office,4,Yes,1003428
EMP0493,22,Male,Master,1,Project Manager,Management,Bangalore,Hybrid,5,No,934331
EMP0494,23,Female,Bachelor,2,Business Analyst,Business,Chennai,Remote,3,No,373930
EMP0495,49,Female,Bachelor,3,Data Scientist,Analytics,Pune,Hybrid,5,No,647017
EMP0496,40,Female,Bachelor,17,Cloud Engineer,IT,Hyderabad,Hybrid,5,Yes,1659693
EMP0497,29,Female,Bachelor,8,Recruiter,HR,Delhi,Hybrid,3,No,786688
EMP0498,39,Female,Master,2,Network Engineer,IT,Bangalore,Remote,3,No,526665
EMP0499,33,Male,Bachelor,8,DevOps Engineer,IT,Chennai,Office,5,No,936549
EMP0500,26,Male,Bachelor,5,DevOps Engineer,IT,Bangalore,Hybrid,5,No,768264
